,Epoch,TestEpRew,TestSuccess
0,1,-44.8161189379353,0.0
1,2,-20.809977803655315,0.0
